[
	{
		"activityType":"quiz",
		"title":"Last activity you solved few questions. There are few more questions in this activity for you to answer",
		"quizDescription":[{
				"text":"For each of the following expressions, indicate the value returned, or if the evaluation would lead to an error, write the word 'error' (note this is a word, not a string, no quotes). While you could simply type these expressions into an IDE, we encourage you to answer them directly since this will help reinforce your understanding of basic Python expressions.<br><br><b>Note:The python 'None' keyword<br>In Python, the keyword <code>None</code> is frequently used to represent the absence of a value. None is the only value in Python of type <code>NoneType.</code></b> "
				}],
		"questions":[
			{
				"questionType":"fillintheblank",
				"questionText":[{
				"text":"<code>3 + 5.0</code>"
				}],
				"max_marks":"1",
				"answer":"8.0",
				"correct_feedback": "Correct",
            "wrong_feedback": "Incorrect"
			},
			{
				"questionType":"dropdown",
				"questionText":[{
				"text":"<code>3 + 5.0</code>"
				}],
				"max_marks":"1",
				"dropdown":
				{
					"option":["Select an option","NoneType","int","float","bool"],
					"correct":"float"
				},
				"correct_feedback": "Correct",
            "wrong_feedback": "Incorrect"
			},
			{
				"questionType":"fillintheblank",
				"questionText":[{
				"text":	"<code>5/2</code>"
				}],
				"max_marks":"1",
				"answer":"2.5",
				"correct_feedback": "Correct",
            "wrong_feedback": "Incorrect"
			},
			{
				"questionType":"dropdown",
				"questionText":[{
				"text":	"<code>5/2</code>"
				}],
				"max_marks":"1",
				"dropdown":
				{
					"option":["Select an option","NoneType","int","float","bool"],
					"correct":"float"
				},
				"correct_feedback": "Correct",
            "wrong_feedback": "Incorrect"
			},
			{
				"questionType":"fillintheblank",
				"questionText":[{
				"text":"<code>5/2 == 5/2.0</code>"
				}],
				"max_marks":"1",
				"answer":"True",
				"correct_feedback": "Correct",
            "wrong_feedback": "Incorrect"
			},
			{
				"questionType":"dropdown",
				"questionText":[{
				"text":"<code>5/2 == 5/2.0</code>"
				}],
				"max_marks":"1",
				"dropdown":
				{
					"option":["Select an option","NoneType","int","float","bool"],
					"correct":"bool"
				},
				"correct_feedback": "Correct",
            "wrong_feedback": "Incorrect"
			},
			{
				"questionType":"fillintheblank",
				"questionText":[{
				"text":"<code>5/2.0</code>"
				}],
				"max_marks":"1",
				"answer":"2.5",
				"correct_feedback": "Correct",
            "wrong_feedback": "Incorrect"
			},
			{
				"questionType":"dropdown",
				"questionText":[{
				"text":"<code>5/2.0</code>"
				}],
				"max_marks":"1",
				"dropdown":
				{
					"option":["Select an option","NoneType","int","float","bool"],
					"correct":"float"
				},
				"correct_feedback": "Correct",
            "wrong_feedback": "Incorrect"
			},
			{
				"questionType":"fillintheblank",
				"questionText":[{
				"text":"<code>round(2.6)</code>"
				}],
				"max_marks":"1",
				"answer":"3",
				"correct_feedback": "Correct",
            "wrong_feedback": "Incorrect"
			},
			{
				"questionType":"dropdown",
				"questionText":[{
				"text":"<code>round(2.6)</code>"
				}],
				"max_marks":"1",
				"dropdown":
				{
					"option":["Select an option","NoneType","int","float","bool"],
					"correct":"int"
				},
				"correct_feedback": "Correct",
            "wrong_feedback": "Incorrect"
			},
			{
				"questionType":"fillintheblank",
				"questionText":[{
				"text":"<code>int(2.6)</code>"
				}],

				"max_marks":"1",
				"answer":"2",
				"correct_feedback": "Correct",
            "wrong_feedback": "Incorrect"
			},
			{
				"questionType":"dropdown",
				"questionText":[{
				"text":"<code>int(2.6)</code>"
				}],
				"max_marks":"1",
				"dropdown":
				{
					"option":["Select an option","NoneType","int","float","bool"],
					"correct":"int"
				},
				"correct_feedback": "Correct",
            "wrong_feedback": "Incorrect"
			},
			{
				"questionType":"fillintheblank",
				"questionText":[{
				"text":"<code>2.0 + 5.0</code>"
				}],
				"max_marks":"1",
				"answer":"7.0",
				"correct_feedback": "Correct",
            "wrong_feedback": "Incorrect"
			},
			{
				"questionType":"dropdown",
				"questionText":[{
				"text":"<code>2.0 + 5.0</code>"
				}],
				"max_marks":"1",
				"dropdown":
				{
					"option":["Select an option","NoneType","int","float","bool"],
					"correct":"float"
				},
				"correct_feedback": "Correct",
            "wrong_feedback": "Incorrect"
			},
			{
				"questionType":"fillintheblank",
				"questionText":[{
				"text":"<code>5*2 == 5.0 * 2.0</code>"
				}],

				"max_marks":"1",
				"answer":"True",
				"correct_feedback": "Correct",
            "wrong_feedback": "Incorrect"
			},
			{
				"questionType":"dropdown",
				"questionText":[{
				"text":"<code>5*2 == 5.0 * 2.0</code>"
				}],
				"max_marks":"1",
				"dropdown":
				{
					"option":["Select an option","NoneType","int","float","bool"],
					"correct":"bool"
				},
				"correct_feedback": "Correct",
            "wrong_feedback": "Incorrect"
			}
		]
	}
]