[
	{
		"activityType":"quiz",
		"title":"Last activity you solved few questions. There are few more questions in this activity for you to answer",
		"quizDescription":[{
				"text":"For each of the following expressions, indicate the value returned, or if the evaluation would lead to an error, write the word 'error' (note this is a word, not a string, no quotes). While you could simply type these expressions into an IDE, we encourage you to answer them directly since this will help reinforce your understanding of basic Python expressions.<br><br><b>Note:The python 'None' keyword<br>In Python, the keyword <code>None</code> is frequently used to represent the absence of a value. None is the only value in Python of type <code>NoneType.</code></b> "
				}],
		"questions":
		[
			{
				"questionType":"fillintheblank",
				"questionText":[{
				"text":"<code>6 + 12 -3</code>"
				}],
				"max_marks":"1",
				"answer":"15",
				"correct_feedback": "Correct",
            	"wrong_feedback": "Incorrect"
			},
			{
				"questionType":"fillintheblank",
				"questionText":[{
				"text":"<code>2 * 3.0</code>"
				}],
				"max_marks":"1",
				"answer":"6.0",
				"correct_feedback": "Correct",
            	"wrong_feedback": "Incorrect"
			},
			{
				"questionType":"fillintheblank",
				"questionText":[{
				"text":"<code>- - 4</code>"
				}],
				"max_marks":"1",
				"answer":"4",
				"correct_feedback": "Correct",
            	"wrong_feedback": "Incorrect"
			},
			{
				"questionType":"fillintheblank",
				"questionText":[{
				"text":"<code>10/3</code>"
				}],
				"max_marks":"1",
				"answer":"3.3333",
				"correct_feedback": "Correct",
            	"wrong_feedback": "Incorrect"
			},
			{
				"questionType":"fillintheblank",
				"questionText":[{
				"text":"<code>10.0/3.0</code>"
				}],
				"max_marks":"1",
				"answer":"3.3333",
				"correct_feedback": "Correct",
            	"wrong_feedback": "Incorrect"
			},
			{
				"questionType":"fillintheblank",
				"questionText":[{
				"text":"<code>(2 + 3) * 4</code>"
				}],
				"max_marks":"1",
				"answer":"20",
				"correct_feedback": "Correct",
            	"wrong_feedback": "Incorrect"
			},
			{
				"questionType":"fillintheblank",
				"questionText":[{
				"text":"<code>2 + 3 * 4</code>"
				}],
				"max_marks":"1",
				"answer":"14",
				"correct_feedback": "Correct",
            	"wrong_feedback": "Incorrect"
			},
			{
				"questionType":"fillintheblank",
				"questionText":[{
				"text":"<code>2**3 + 1</code>"
				}],
				"max_marks":"1",
				"answer":"9",
				"correct_feedback": "Correct",
            	"wrong_feedback": "Incorrect"
			},
			{
				"questionType":"fillintheblank",
				"questionText":[{
				"text":"<code>2.1 ** 2.0</code>"
				}],
				"max_marks":"1",
				"answer":"4.41"
			},
			{
				"questionType":"fillintheblank",
				"questionText":[{
				"text":"<code>2.2 * 3.0</code>"
				}],
				"max_marks":"1",
				"answer":"6.6",
				"correct_feedback": "Correct",
            	"wrong_feedback": "Incorrect"
			}
		]
	}
]