[
	{
		"activityType":"quiz",
		"title":"Last activity you solved few questions. There are few more questions in this activity for you to answer",
		"questions":
		[
			{
				"questionType":"mcq",
				"questionText":[{
				"text": "Declarative knowledge refers to statements of fact."
				}],
				"max_marks":"1",
				"options":[
				{
					"option":"True",
					"correct":"True"
				},
				{
					"option":"False",
					"correct":"False"
				}
			],
			"correct_feedback": "Correct",
            "wrong_feedback": "Incorrect"
			},
			{
				"questionType":"mcq",
				"questionText":[{
				"text": "Imperative knowledge refers to 'how to' methods."
				}],
				"max_marks":"1",
				"options":[
				{
					"option":"True",
					"correct":"True"
				},
				{
					"option":"False",
					"correct":"False"
				}
			],
			"correct_feedback": "Correct",
            "wrong_feedback": "Incorrect"
			},
			{
				"questionType":"mcq",
				"questionText":[{
				"text": "A recipe for deducing the square root involves guessing a starting value for y. Without another recipe to be told how to pick a starting number, the computer cannot generate one on its own."
				}],
				"max_marks":"1",
				"options":[
				{
					"option":"True",
					"correct":"True"
				},
				{
					"option":"False",
					"correct":"False"
				}
			],
			"correct_feedback": "Correct",
            "wrong_feedback": "Incorrect"
			}
		]
	}
]