[
	{
		"activityType":"quiz",
		"title":" Last activity we learn about machines. Let's answer few questions in this activity",
		"questions":
		[
			{
				"questionType":"mcq",
				"questionText":[{
				"text": "True or False? A stored program computer is designed to compute precisely one computation, such as a square root, or the trajectory of a missile."
				}],
				"max_marks":"1",
				"options":[
				{
					"option":"True",
					"correct":"False"
				},
				{
					"option":"False",
					"correct":"True"
				}
			],
			"correct_feedback": "Correct",
            "wrong_feedback": "Incorrect"
			},
			{
				"questionType":"mcq",
				"questionText":[{
				"text":"True or False? A fixed program computer is designed to run any computation, by interpreting a sequence of program instructions that are read into it."
				}],
				"max_marks":"1",
				"options":[
				{
					"option":"True",
					"correct":"False"
				},
				{
					"option":"False",
					"correct":"True"
				}
			],
			"correct_feedback": "Correct",
            "wrong_feedback": "Incorrect"
			},
			{
				"questionType":"mcq",
				"questionText":[{
				"text":"A program counter"
				}],
				"max_marks":"1",
				"options":[
				{
					"option":"counts the number of primitive operations executed by the program.",
					"correct":"False"
				},
				{
					"option":"counts the number of primitive operations comprising a complex operation.",
					"correct":"False"
				},
				{
					"option":"max_marks the computer to the next instruction to execute in the program.",
					"correct":"True"
				},
				{
					"option":"remembers how many times a program has been executed",
					"correct":"False"
				}
			],
			"correct_feedback": "Correct",
            "wrong_feedback": "Incorrect"
			},
			{
				"questionType":"mcq",
				"questionText":[{
				"text":"What does it mean when we say that \"the computer walks through the sequence executing some computation\"?"
				}],
				"max_marks":"1",
				"options":[
				{
					"option":"The computer tests each instruction to ensure it will not harm the circuitry. incorrect",
					"correct":"False"
				},
				{
					"option":"The computer executes the instructions in strict, linear sequence, just like walking in a straight line.",
					"correct":"False"
				},
				{
					"option":"The computer executes the instructions mostly in a linear sequence, except sometimes it jumps to a different place in the sequence.",
					"correct":"True"
				},
				{
					"option":"The computer slowly executes instructions so that we can follow its progress, rather than running a program at full speed.",
					"correct":"False"
				}
			],
			"correct_feedback": "Correct",
            "wrong_feedback": "Incorrect"
			},
			{
				"questionType":"mcq",
				"questionText":[{
				"text":"True or False? In order to compute everything that is computable, every computer must be able to handle the sixteen most primitive operations."
				}],
				"max_marks":"1",
				"options":[
				{
					"option":"True",
					"correct":"False"
				},
				{
					"option":"False",
					"correct":"True"
				}
			],
			"correct_feedback": "Correct",
            "wrong_feedback": "Incorrect"
			}
		]
	}
]